kodas,pavadinimas,adresas
191283559,Adakavo Šv. Jono Krikštytojo parapija,"Tauragės r. sav., Skaudvilės sen., Adakavo I k."
191258919,Adomynės Švč. M. Marijos Vardo parapija,"Kupiškio r. sav., Šimonių sen., Adomynės k."
191304042,Adutiškio Švč. M. Marijos Škaplierinės parapija,"Švenčionių r. sav., Adutiškis, Postavų g. 5, LT-18290"
191246945,Akmens Nukryžiuotojo Jėzaus parapija,"Varėnos r. sav., Jakėnų sen., Akmenio k."
191292412,Akmenynų Šv. Roko parapija,"Kalvarijos sav., Akmenynų sen., Akmenynų k."
190768812,Akmenės šv. Onos parapija,"Akmenės r. sav., Akmenė, K. Kasakausko g. 5, LT-85367"
192084738,Alantos Šv. apašt. Jokūbo parapija,"Molėtų r. sav., Alanta, Palaukės g. 1A, LT-33312"
191269552,Aleksandravėlės Šv. Pranciškaus Serafiškojo parapija,"Rokiškio r. sav., Obelių sen., Aleksandravėlės k."
191278416,Aleksandrijos Nukryžiuotojo Jėzaus parapija,"Skuodo r. sav., Aleksandrijos sen., Aleksandrijos k."
191287956,Aleksoto Šv. Kazimiero parapija,"Kaunas, Vidukalnio g. 4, LT-46275"
191300930,Alionių Švč. Marijos Nekaltojo Prasidėjimo parapija,"Širvintų r. sav., Alionių sen., Alionių I k."
191259063,Alizavos Šv. Jono Krikštytojo parapija,"Kupiškio r. sav., Alizava, Kalno g. 15, LT-40445"
191313244,Alksninės Kristaus Atsimainymo parapija,"Vilkaviškio r. sav., Bartninkų sen., Margų k. 6, LT-70333"
191297683,Alksnėnų Švč. M. Marijos Ėmimo į dangų parapija,"Vilkaviškio r. sav., Pilviškių sen., Alksnėnų k."
191236260,Alovės Švč. Trejybės parapija,"Alytaus r. sav., Alovės sen., Alovės k."
191276550,Alsėdžių Švč. M. Marijos Nekalto Prasidėjimo parapija,"Plungės r. sav., Alsėdžiai, Bažnyčios g. 2, LT-90472"
191297726,Alvito Šv. Onos parapija,"Vilkaviškio r. sav., Šeimenos sen., Alvito k."
191289811,Alytaus Šv. Angelų Sargų parapija,"Alytus, Savanorių g. 14, LT-62142"
302468748,Alytaus Šv. Brunono Kverfurtiečio parapija,"Alytus, Kalnėnų g. 2A, LT-62324"
192067621,Alytaus Šv. Kazimiero parapija,"Alytus, Varėnos g. 24A, LT-62168"
191800138,Alytaus Švč. M. Marijos Krikščionių Pagalbos parapija,"Alytus, Jurgiškių g. 4, LT-63131"
191236118,Alytaus šv. Liudviko parapija,"Alytus, Panemuninkėlių g. 6, LT-62265"
191248768,Alėjų Švč. Trejybės parapija,"Raseinių r. sav., Raseinių sen., Alėjų II k."
191260037,Anciškio šv. apaštalo evangelisto Mato parapija,"Kėdainių r. sav., Truskavos sen., Anciškio k."
191256672,Andrioniškio šv. apašt. Petro ir Povilo parapija,"Anykščių r. sav., Andrioniškis"
191269748,Antalieptės Šv. Kryžiaus Atradimo parapija,"Zarasų r. sav., Antalieptė"
192076976,Antazavės Dievo Apvaizdos parapija,"Zarasų r. sav., Antazavės sen., Antazavės k."
191259259,Antašavos Šv. Hiacinto (Jackaus) parapija,"Kupiškio r. sav., Kupiškio sen., Antašavos mstl."
191246411,Apytalaukio Šv. apašt. Petro ir Povilo parapija,"Kėdainių r. sav., Vilainių sen., Apytalaukio k."
191045223,Ariogalos Šv. arkangelo Mykolo parapija,"Raseinių r. sav., Ariogala, D. Rudzinsko g. 2, LT-60260"
190950672,Aukštadvario Kristaus Atsimainymo parapija,"Trakų r. sav., Aukštadvaris"
191252275,Aukštelkės Šv. Antano Paduviečio parapija,"Šiaulių r. sav., Šiaulių kaimiškoji sen., Aukštelkės k., Ajerų g. 4, LT-80196"
191288143,Aukštosios Panemunės Švč. M. Marijos Vardo parapija,"Kaunas, Vaidoto g. 9, LT-45388"
191269890,Avilių Šv. Kryžiaus Išaukštinimo parapija,"Zarasų r. sav., Zarasų sen., Avilių k."
191237939,Babriškių Šv. arkangelo Mykolo parapija,"Varėnos r. sav., Varėnos sen., Babriškių k."
191245124,Babtų Šv. apašt. Petro ir Povilo parapija,"Kauno r. sav., Babtų sen., Babtų k."
191240878,Bagaslaviškio šv. Kryžiaus Atradimo parapija,"Širvintų r. sav., Gelvonų sen., Bagaslaviškio mstl."
191292750,Bagotosios Šv. Antano Paduviečio parapija,"Kazlų Rūdos sav., Kazlų Rūdos sen., Bagotosios k."
191252318,Baisogalos Švč. Trejybės parapija,"Radviliškio r. sav., Baisogala, Kapų g. 1, LT-82324"
192066868,Balbieriškio Švč. M. Marijos Rožančinės parapija,"Prienų r. sav., Balbieriškis"
191301085,Balingrado Dievo Apvaizdos parapija,"Švenčionių r. sav., Magūnų sen., Balingrado k."
291254850,Balninkų Šv. vyskupo Stanislovo parapija,"Molėtų r. sav., Balninkai"
191278569,Barstyčių šv. apašt. Simono ir Judo Tado parapija,"Skuodo r. sav., Barstyčiai"
191297879,Bartninkų Šv. apaštalų Petro ir Pauliaus parapija,"Vilkaviškio r. sav., Bartninkai"
191295294,Barzdų Kristaus Karaliaus parapija,"Šakių r. sav., Barzdai"
191283744,Batakių Šv. Onos parapija,"Tauragės r. sav., Batakių sen., Batakių k."
191252460,Bazilionų Šv. Bazilijaus Didžiojo parapija,"Šiaulių r. sav., Bubių sen., Bazilionų mstl."
191243073,Beižionių Šv. Kryžiaus Išaukštinimo parapija,"Elektrėnų sav., Beižionių sen., Beižionių k."
191276746,Beržoro Šv. vysk. Stanislovo parapija,"Plungės r. sav., Platelių sen., Beržoro k."
191248953,Betygalos Šv. Mikalojaus parapija,"Raseinių r. sav., Betygala, Dubysos g. 2, LT-60209"
291238650,Bijutiškio Šv. Onos parapija,"Molėtų r. sav., Dubingių sen., Bijutiškio k."
191268265,Biliakiemio Švč. M. Marijos Vardo parapija,"Utenos r. sav., Utenos sen., Biliakiemio k."
190852413,Birštono šv. Antano Paduviečio parapija,"Birštonas, Birutės g."
191257774,Biržų Šv. Jono Krikštytojo parapija,"Biržai, Vytauto g. 2, LT-41175"
191288296,Braziūkų Švč. M. Marijos Nekaltojo Prasidėjimo parapija,"Kauno r. sav., Zapyškio sen., Braziūkų k."
191275110,Budrių šv. Kryžiaus Išaukštinimo parapija,"Kretingos r. sav., Žalgirio sen., Budrių k."
191301128,Buivydžių Šv. Jurgio parapija,"Vilniaus r. sav., Buivydžių sen., Buivydžių I k."
291247090,Bukonių Šv. arkangelo Mykolo parapija,"Jonavos r. sav., Bukonių sen., Bukonių k."
191256868,Burbiškio Švč. Jėzaus Širdies parapija,"Anykščių r. sav., Anykščių sen., Burbiškio k."
191249140,Butkiškės Šv. Jono Krikštytojo parapija,"Raseinių r. sav., Ariogalos sen., Butkiškės k."
191236456,Butrimonių Išganytojo parapija,"Alytaus r. sav., Butrimonys"
191303093,Butrimonių Šv. Arkangelo Mykolo parapija,"Šalčininkų r. sav., Butrimonių sen., Butrimonių k."
191292946,Būdviečio Jėzaus Nazariečio parapija,"Lazdijų r. sav., Būdviečio sen., Būdviečio k."
191304195,Ceikinių Švč. M. Marijos vardo parapija,"Ignalinos r. sav., Ceikinių sen., Ceikinių k."
191267163,DAMBAVOS DIEVO APVAIZDOS PARAPIJA,"Radviliškio r. sav., Pakalniškių apylinkės sen., Dambavos k."
191279518,DIDKIEMIO ŠV. ANGELŲ SARGŲ PARAPIJA,"Šilalės r. sav., Didkiemio sen., Didkiemio k."
191257055,Dabužių Kristaus Žengimo į dangų parapija,"Anykščių r. sav., Kavarsko sen., Dabužių I k."
191267359,Dapšionių Dievo Apvaizdos parapija,"Radviliškio r. sav., Sidabravo apylinkės sen., Dapšionių k."
191275263,Darbėnų šv. apašt. Petro ir Pauliaus parapija,"Kretingos r. sav., Darbėnai, Turgaus a."
191243116,Darsūniškio Švč. M. Marijos Ėmimo į dangų parapija,"Kaišiadorių r. sav., Kruonio sen., Darsūniškio k."
191268450,Daugailių Šv. Antano Paduviečio parapija,"Utenos r. sav., Daugailiai"
191271813,Dauginių Šv. vysk. Stanislovo parapija,"Mažeikių r. sav., Viekšnių sen., Dauginių k."
291283930,Dauglaukio parapija,"Tauragės r. sav., Tauragės sen., Dauglaukio k."
191236641,Daugų Dievo Apvaizdos parapija,"Alytaus r. sav., Daugai, Savanorių g. 17, LT-64142"
191262383,Daujėnų Švč. Jėzaus Vardo parapija,"Pasvalio r. sav., Daujėnai, Pirties g. 7, LT-39207"
191293090,Daukšių Šv. Jurgio parapija,"Marijampolės sav., Igliaukos sen., Daukšių mstl."
191268646,Daunorių Švč. Jėzaus širdies parapija,"Utenos r. sav., Tauragnų sen., Daunorių k."
191257240,Debeikių Šv. Jono Krikštytojo parapija,"Anykščių r. sav., Debeikiai, Gedimino g. 11, LT-29371"
305248433,Degaičių Šv. Apaštalų Petro ir Pauliaus parapija,"Telšių r. sav., Degaičių sen., Degaičių k., Degaičių g. 7, LT-88103"
191281736,Degučių šv. Vincento Ferero parapija,"Šilutės r. sav., Žemaičių Naumiesčio sen., Degučių k."
191255047,Deltuvos Švč. Trejybės parapija,"Ukmergės r. sav., Deltuva"
191313397,Didvyžių Šv. popiežiaus Leono II parapija,"Vilkaviškio r. sav., Klausučių sen., Didvyžių k."
191303136,Dieveniškių Švč. M. Marijos Rožančinės parapija,"Šalčininkų r. sav., Dieveniškės, Ašmenos g. 3, LT-17139"
292057090,Domeikavos Lietuvos Kankinių parapija,"Kauno r. sav., Domeikavos sen., Domeikavos k., Tulpių g. 2B"
190485522,Dotnuvos Viešpaties Apreiškimo Švč. M. Marijai parapija,"Kėdainių r. sav., Dotnuva, Vytauto g. 57, LT-58387"
192052167,Druskininkų (Ratnyčios) Šv. apaštalo Baltramiejaus parapija,"Druskininkai, Čečiotos g. 1"
191308069,Druskininkų Švč. M. Marijos Škaplierinės parapija,"Druskininkai, I. Fonbergo g. 15, LT-66120"
191237177,Dubingių Šv. Jurgio parapija,"Molėtų r. sav., Dubingiai"
191308254,Dubičių Švč. Jėzaus Širdies parapija,"Varėnos r. sav., Kaniavos sen., Dubičių k."
191265155,Duokiškio šv. Onos parapija,"Rokiškio r. sav., Kamajų sen., Duokiškio mstl."
191270145,Dusetų Švč. Trejybės parapija,"Zarasų r. sav., Dusetos, K. Būgos g. 30, LT-32304"
191236794,Dusmenų šv. apašt. Simono ir Judo Tado parapija,"Trakų r. sav., Onuškio sen., Dusmenų k."
191299734,Dūkšto Šv. Stanislovo Kostkos parapija,"Ignalinos r. sav., Dūkštas, Bažnyčios g. 15, LT-30261"
191301313,Dūkštų Šv. Onos parapija,"Vilniaus r. sav., Dūkštų sen., Dūkštų k."
191285414,Eigirdžių Dievo Apvaizdos parapija,"Telšių r. sav., Degaičių sen., Eigirdžių mstl., Kalno g. 8, LT-88126"
191301270,Eitminiškių Šv. Antano Paduviečio parapija,"Vilniaus r. sav., Nemenčinės sen., Eitminiškių k."
291308440,Eišiškių Kristaus Žengimo į dangų parapija,"Šalčininkų r. sav., Eišiškės, Bažnyčios g. 37, LT-17170"
191243269,Elektrėnų Marijos Kankinių Karalienės parapija,"Elektrėnai, Atgimimo a. 1, LT-26128"
191271051,Endriejavo Šv. apašt. Andriejaus parapija,"Klaipėdos r. sav., Endriejavas, Gėlių g. 17, LT-96300"
191249293,Eržvilko Šv. Jurgio parapija,"Jurbarko r. sav., Eržvilko sen., Eržvilko k., Ryto a. 15"
192066291,Ežerėlio Šv. Antano Paduviečio parapija,"Kauno r. sav., Ežerėlis, Liepų g. 5, LT-53394"
191283897,GAURĖS ŠV. ARKANG. MYKOLO PARAPIJA,"Tauragės r. sav., Gaurės sen., Gaurės k."
191279660,GIRDIŠKĖS ŠVČ. MARIJOS SNIEGINĖS PARAPIJA,"Šilalės r. sav., Bijotų sen., Girdiškės k."
191285567,Gadūnavo Švč. Jėzaus Širdies parapija,"Telšių r. sav., Gadūnavas"
191299887,Gaidės Nukryžiuotojo Jėzaus parapija,"Ignalinos r. sav., Rimšės sen., Gaidės k."
191281889,Gardamo Šv. Roko parapija,"Šilutės r. sav., Gardamas"
191271247,Gargždų šv. arkangelo Mykolo parapija,"Gargždai, Tilto g. 1, LT-96136"
191288339,Garliavos Švč. Trejybės parapija,"Kauno r. sav., Garliava, Bažnyčios g. 3B, LT-53259"
291246750,Gasčiūnų Šv. Stanislovo Kostkos parapija,"Joniškio r. sav., Kepalių sen., Gasčiūnų k."
191276899,Gegrėnų Jėzaus Nazariečio parapija,"Plungės r. sav., Žemaičių Kalvarijos sen., Gegrėnų k."
291241970,Gegužinės Viešpaties Apreiškimo Švč. M. Marijai parapija,"Kaišiadorių r. sav., Palomenės sen., Gegužinės k."
191257817,Geidžiūnų Šv. Angelų Sargų parapija,"Biržų r. sav., Širvėnos sen., Geidžiūnų k."
191260222,Geležių Šv. Juozapo parapija,"Panevėžio r. sav., Karsakiškio sen., Geležių mstl."
191295337,Gelgaudiškio Šv. Kryžiaus Išaukštinimo parapija,"Šakių r. sav., Gelgaudiškis, Nemuno g. 41, LT-71422"
191241065,Gelvonų Švč. M. Marijos Apsilankymo parapija,"Širvintų r. sav., Gelvonai"
191290557,Gerdašių Švč. M. Marijos Nekaltojo Prasidėjimo parapija,"Druskininkų sav., Leipalingio sen., Gerdašių k."
291237210,Giedraičių Šv. Baltramiejaus parapija,"Molėtų r. sav., Giedraičiai, Paežerių g. 7, LT-33277"
191276931,Gintališkės šv. apašt. evang. Mato parapija,"Plungės r. sav., Platelių sen., Gintališkės k."
306149192,Giraitės Šventosios Šeimos parapija,"Kauno r. sav., Domeikavos sen., Domeikavos k., Bažnyčios g. 1, LT-54349"
191249336,Girdžių Šv. Marijos Magdalietės parapija,"Jurbarko r. sav., Girdžių sen., Girdžių k."
191249489,Girkalnio šv. Jurgio parapija,"Raseinių r. sav., Girkalnis, Gėlių g. 2, LT-60313"
191297911,Gižų Šv. Antano Paduviečio parapija,"Vilkaviškio r. sav., Gižų sen., Gižų k."
191298066,Gražiškių Šv. arkangelo Mykolo parapija,"Vilkaviškio r. sav., Gražiškiai"
191725696,Grigiškių Šventosios Dvasios parapija,"Vilniaus m. sav., Grigiškės, Kovo 11-osios g. 36, LT-27112"
191252656,Grinkiškio Švč. M. Marijos Apsilankymo parapija,"Radviliškio r. sav., Grinkiškis"
291295480,Griškabūdžio Kristaus Atsimainymo parapija,"Šakių r. sav., Griškabūdis, Alyvų g. 2"
191245081,Gruzdžių Švč. Trejybės parapija,"Šiaulių r. sav., Gruzdžiai, Nepriklausomybės a. 1, LT-81419"
191275459,Grūšlaukės šv. Jono Nepomūko parapija,"Kretingos r. sav., Darbėnų sen., Grūšlaukės k."
191262426,Grūžių Švč. M. Marijos parapija,"Pasvalio r. sav., Vaškų sen., Grūžių k."
191293133,Gudelių Švč. M. Marijos Škaplierinės parapija,"Marijampolės sav., Gudeliai, Vytauto g. 1, LT-69131"
191247132,Gudžiūnų Švč. Jėzaus Širdies parapija,"Kėdainių r. sav., Gudžiūnai"
191262579,Gulbinėnų Šv. Kūdikėlio Jėzaus Teresės parapija,"Pasvalio r. sav., Krinčino sen., Gulbinėnų k."
191293286,Igliaukos Šv. Kazimiero parapija,"Marijampolės sav., Igliaukos sen., Igliaukos k., Vytauto g. 2, LT-69118"
191304238,Ignalinos Švč. M. Marijos Gimimo parapija,"Ignalina, Bažnyčios a. 4, LT-30113"
191295522,Ilguvos Šv. Kryžiaus Atradimo parapija,"Šakių r. sav., Kriūkų sen., Ilguvos k."
191270298,Imbrado Nukryžiuotojo Jėzaus parapija,"Zarasų r. sav., Imbrado sen., Imbrado k."
191257393,Inkūnų Švč. Aušros Vartų Dievo Motinos parapija,"Anykščių r. sav., Anykščių sen., Inkūnų k."
191238845,Inturkės Švč. M. Marijos Ėmimo į dangų parapija,"Molėtų r. sav., Inturkės sen., Inturkės k."
191288481,"Išlaužo Švč. M. Marijos, Krikščionių Pagalbos parapija","Prienų r. sav., Išlaužo sen., Išlaužo k., Žvejų g. 23, LT-59302"
191285752,Janapolės Šv. arkang. Mykolo parapija,"Telšių r. sav., Varnių sen., Janapolės mstl."
191303289,Jašiūnų Šv. Onos parapija,"Šalčininkų r. sav., Jašiūnai, M. Balinskio g. 7, LT-17249"
190860328,Jiezno šv. Arkang. Mykolo ir Jono Krikštytojo parapija,"Prienų r. sav., Jieznas, B. Bulikos g. 2, LT-59428"
191313625,Jokūbavo Švč. M. Marijos parapija,"Kretingos r. sav., Žalgirio sen., Jokūbavo k."
301818964,Jonavos Šv. Apaštalo Jono parapija,"Jonava, S. Nėries g. 6, LT-55189"
190675849,Jonavos Šv. apaštalo Jokūbo parapija,"Jonava, Vilniaus g. 13, LT-55181"
191238998,Joniškio Šv. apaštalo Jokūbo parapija,"Molėtų r. sav., Joniškis"
191033783,Joniškio Švč. M. Marijos Ėmimo į dangų parapija,"Joniškis, Bažnyčios g. 2, LT-84139"
191262611,Joniškėlio Švč. Trejybės parapija,"Pasvalio r. sav., Joniškėlio sen., Joniškėlio k."
191247285,Josvainių Visų Šventųjų parapija,"Kėdainių r. sav., Josvainiai, Gojaus g. 2A, LT-58187"
291271390,Judrėnų šv. Antano Paduviečio parapija,"Klaipėdos r. sav., Judrėnai"
292062080,Juknaičių R. katalikų parapija,"Šilutės r. sav., Juknaičių sen., Juknaičių k."
191249521,Juodaičių Nukryžiuotojo Jėzaus parapija,"Jurbarko r. sav., Juodaičių sen., Juodaičių k."
191244022,Juodeikių Šv. Jono Krikštytojo parapija,"Joniškio r. sav., Kriukų sen., Juodeikų k."
190767863,Juodkrantės šv. Pranciškaus Asyžiečio parapija,"Neringa, L. Rėzos g. 56, LT-93101"
191265340,Juodupės švč. Aušros vartų Dievo motinos parapija,"Rokiškio r. sav., Juodupė, P. Cvirkos g. 10, LT-42454"
191271966,Juozapavos Šv. apaštalų Simono ir Judo parapija,"Šiaulių r. sav., Raudėnų sen., Juozapavos k."
290906680,Jurbarko Švč. Trejybės parapija,"Jurbarkas, M. Valančiaus g. 1, LT-74120"
191265493,Jūžintų Šv. Mykolo arkangelo parapija,"Rokiškio r. sav., Jūžintai, Ateities g. 2, LT-42266"
191308592,Kabelių Švč. M. Marijos Ėmimo į dangų parapija,"Varėnos r. sav., Marcinkonių sen., Kabelių k."
191295675,Kaimelio Šv. arkangelo Mykolo parapija,"Šakių r. sav., Kidulių sen., Kaimelio k."
191252994,Kairių Švč. M. Marijos Belaisvių Vaduotojos parapija,"Šiaulių r. sav., Kairiai, Kaštonų g. 2, LT-80112"
191242014,Kaišiadorių Kristaus Atsimainymo parapija,"Kaišiadorys, T. Brazio g. 6, LT-56121"
191308635,Kalesninkų Švč. M. Marijos Nekalto Prasidėjimo parapija,"Šalčininkų r. sav., Kalesninkų sen., Kalesninkų k."
191275644,Kalnalio šv. Lauryno parapija,"Kretingos r. sav., Imbarės sen., Kalnalio k."
191249674,Kalnujų Šv. Viktoro parapija,"Raseinių r. sav., Kalnujų sen., Kalnujų k."
191304380,Kaltanėnų Švč. M. Marijos Angeliškosios parapija,"Švenčionių r. sav., Kaltanėnai"
191279856,Kaltinėnų Šv. Jono Krikštytojo parapija,"Šilalės r. sav., Kaltinėnai"
191293329,Kalvarijos Švč. M. Marijos Vardo parapija,"Kalvarija, Laisvės g. 17, LT-69206"
191243454,Kalvių šv. Antano Paduviečio parapija,"Kaišiadorių r. sav., Kruonio sen., Kalvių k."
191265536,Kamajų šv. Kazimiero parapija,"Rokiškio r. sav., Kamajai, Kraštinė g. 6, LT-42284"
191277086,Kantaučių Švč. M. Marijos Nekaltojo Prasidėjimo parapija,"Plungės r. sav., Žlibinų sen., Kantaučių k."
191290742,Kapčiamiesčio Dievo Apvaizdos parapija,"Lazdijų r. sav., Kapčiamiestis, Č. Sasnausko g. 5, LT-67314"
191304423,Karkažiškės Šv. Apaštalų Petro ir Povilo parapija,"Švenčionių r. sav., Pabradės sen., Karkažiškės k."
191280068,Karklėnų Šv. Apaštalo Baltramiejaus parapija,"Kelmės r. sav., Kražių sen., Karklėnų mstl."
291245310,Karmėlavos Šv. Onos parapija,"Kauno r. sav., Karmėlava, Piliakalnio g. 17, LT-54447"
191260375,Karsakiškio Nukryžiuotojo Jėzaus parapija,"Panevėžio r. sav., Karsakiškio sen., Karsakiškio k."
191275797,Kartenos Švč. M. Marijos Ėmimo į dangų parapija,"Kretingos r. sav., Kartena"
191301651,Karvio Šv. Juozapo parapija,"Vilniaus r. sav., Maišiagalos sen., Karvio k."
191285948,Kaunatavos Dievo Apvaizdos parapija,"Telšių r. sav., Upynos sen., Kaunatavos k."
192073866,Kauno Gerojo ganytojo parapija,"Kaunas, V. Krėvės pr. 95A"
191118123,Kauno Kristaus Prisikėlimo parapija,"Kaunas, Žemaičių g. 31A, LT-44174"
192054360,Kauno Palaimintojo Jurgio Matulaičio parapija,"Kaunas, Žeimenos g. 6, LT-50115"
190812123,Kauno Šv. Antano Paduviečio parapija,"Kaunas, Radvilėnų pl. 11, LT-50257"
191070963,Kauno Šv. Apaštalų Petro ir Povilo arkikatedros parapija,"Kaunas, Vilniaus g. 1, LT-44281"
303188959,Kauno Šv. Jono Pauliaus II parapija,"Kaunas, Rotušės a. 14A, LT-44279"
191142957,Kauno Šv. Juozapo parapija,"Kaunas, Panerių g. 72, LT-48384"
191220651,Kauno Šv. Kryžiaus (Karmelitų) parapija,"Kaunas, Gedimino g. 1, LT-44332"
191214940,Kauno Šv. Vincento Pauliečio parapija,"Kaunas, R. Kalantos g. 38-1"
192057513,Kauno Šventosios Dvasios (Šilainių) parapija,"Kaunas, Milikonių g. 18, LT-48276"
191207561,Kauno Švč. Jėzaus Širdies parapija,"Kaunas, A. Juozapavičiaus pr. 60, LT-45219"
192056226,Kauno Švč. M. Marijos Rožančiaus Karalienės parapija,"Kaunas, Marių g. 24, LT-52247"
304076183,Kauno šv. apaštalo Jokūbo parapija,"Kaunas, Antakalnio g. 35, LT-46275"
190854236,Kavarsko Šv. Jono Krikštytojo parapija,"Anykščių r. sav., Kavarskas, Šaltinio g. 14, LT-29260"
191300026,Kazitiškio Šv. Vysk. Stanislovo parapija,"Ignalinos r. sav., Kazitiškio sen., Kazitiškio k., Bažnyčios g. 1, LT-30245"
191265689,Kazliškio Švč. Mergelės Marijos parapija,"Rokiškio r. sav., Kazliškio sen., Kazliškio k."
191293471,Kazlų Rūdos Švč. Jėzaus Širdies parapija,"Kazlų Rūda, Gedimino g. 2, LT-69401"
191242167,Kazokiškių Švč. M. Marijos Nugalėtojos parapija,"Elektrėnų sav., Kazokiškių sen., Kazokiškių k."
292066520,Kačerginės Šv. Onos parapija,"Kauno r. sav., Kačerginė"
291066880,Kelmės Švč. M. Marijos Ėmimo į dangų parapija,"Kelmė, S. Nėries g. 14, LT-86136"
191241250,Kernavės Švč. M. Marijos Škaplierinės parapija,"Širvintų r. sav., Kernavė, Kerniaus g. 6, LT-19172"
191298251,Keturvalakių Švč. M. Marijos Gimimo parapija,"Vilkaviškio r. sav., Keturvalakiai"
191237558,Kiauklių Švč. M. Marijos Apsilankymo parapija,"Širvintų r. sav., Zibalų sen., Kiauklių k."
191249717,Kiaunorių Šv. Juozapo parapija,"Kelmės r. sav., Tytuvėnų apylinkių sen., Kiaunorių k."
291243640,Kietaviškių Švč. Trejybės parapija,"Elektrėnų sav., Kietaviškių sen., Naujųjų Kietaviškių k., Bažnyčios g. 39, LT-21412"
191281921,Kintų parapija,"Šilutės r. sav., Kintai"
191239566,Kirdeikių Šv. Jono Krikštytojo parapija,"Utenos r. sav., Saldutiškio sen., Kirdeikių k."
192052352,Kivylių Švč. M. Marijos Ėmimo į dangų parapija,"Akmenės r. sav., Naujosios Akmenės kaimiškoji sen., Kivylių k."
300012016,Klaipėdos Dievo Motinos globėjos ir šv. Mikalojaus parapija,"Klaipėda, Smiltelės g. 14A, LT-95135"
190768246,Klaipėdos Kristaus Karaliaus parapija,"Klaipėda, Bokštų g. 10, LT-92125"
190768050,Klaipėdos Marijos Taikos karalienės parapija,"Klaipėda, Rumpiškės g. 6, LT-91131"
190768399,Klaipėdos Šv. Juozapo Darbininko parapija,"Klaipėda, Smiltelės g. 27, LT-94260"
191312142,Klaipėdos Šv. Kazimiero parapija,"Klaipėda, Kretingos g. 40, LT-92307"
300642851,Klaipėdos šv. Brunono Kverfurtiečio parapija,"Klaipėda, Debreceno g. 3A, LT-94175"
191267544,Klovainių Švč. Trejybės parapija,"Pakruojo r. sav., Klovainiai"
191273789,Klykolių Švč. M. Marijos Apsilankymo parapija,"Akmenės r. sav., Naujosios Akmenės kaimiškoji sen., Klykolių k."
191247328,Krakių Šv. apaštalo ir evangelisto Mato parapija,"Kėdainių r. sav., Krakės, J. Basanavičiaus g. 8"
191280253,Kražių Švč. M. Marijos Nekaltojo Prasidėjimo parapija,"Kelmės r. sav., Kražiai, Pievų g. 4"
191260418,Krekenavos Švč. M. Marijos Ėmimo į dangų parapija,"Panevėžio r. sav., Krekenava, Bažnyčios g. 18, LT-38306"
190769729,Kretingos Viešpaties Apreiškimo Švč. M. Marijai parapija,"Kretinga, Vilniaus g. 2, LT-97125"
191295718,Kretkampio Šv. diak. Stepono parapija,"Šakių r. sav., Lekėčių sen., Kretkampio k."
191265721,Kriaunų Dievo Apvaizdos parapija,"Rokiškio r. sav., Kriaunų sen., Kriaunų k."
291262950,Kriklinių Švč. M. Marijos Apsilankymo parapija,"Pasvalio r. sav., Pumpėnų sen., Kriklinių mstl."
191290895,Krikštonių Kristaus Karaliaus parapija,"Lazdijų r. sav., Noragėlių sen., Krikštonių k."
191241446,Krikštėnų Nukryžiuotojo Jėzaus parapija,"Ukmergės r. sav., Pivonijos sen., Krikštėnų k."
191263147,Krinčino Šv. apašt. Petro ir Povilo parapija,"Pasvalio r. sav., Krinčinas, Antano Vienažindžio g. 11, LT-39462"
191244175,Kriukų Šv. Lauryno parapija,"Joniškio r. sav., Kriukų sen., Kriukų k."
191242352,Krivonių šv. Antano Paduviečio parapija,"Kaišiadorių r. sav., Palomenės sen., Krivonių k."
191289964,Krokialaukio Kristaus Atsimainymo parapija,"Alytaus r. sav., Krokialaukis"
191290938,Krosnos Šv. apašt. evang. Mato parapija,"Lazdijų r. sav., Krosna"
191243792,Kruonio Švč. M. Marijos Angelų Karalienės parapija,"Kaišiadorių r. sav., Kruonis, Gojaus g. 27"
191272153,Kruopių šv. Onos parapija,"Akmenės r. sav., Kruopiai"
191295860,Kudirkos Naumiesčio Šv. Kryžiaus Atradimo parapija,"Šakių r. sav., Kudirkos Naumiestis, Bažnyčios g. 28, LT-71318"
191239751,Kuktiškių Šv. Jono krikštytojo parapija,"Utenos r. sav., Kuktiškės"
191245462,Kulautuvos Švč. M. Marijos Vardo parapija,"Kauno r. sav., Kulautuva, Pušyno g. 23, LT-53482"
191277129,Kulių Šv. vysk. Stanislovo parapija,"Plungės r. sav., Kuliai"
191245658,Kulvos Švč. M. Marijos parapija,"Jonavos r. sav., Kulvos sen., Kulvos k., Kauno g. 5, LT-55350"
191259444,Kupiškio Kristaus Žengimo į dangų parapija,"Kupiškis, Pergalės g. 1, LT-40109"
291257960,Kupreliškio Šv. arkang. Mykolo parapija,"Biržų r. sav., Papilio sen., Kupreliškio mstl."
291255190,Kurklių Šv. Jurgio parapija,"Anykščių r. sav., Kurklių sen., Kurklių I k."
191253181,Kurtuvėnų Šv. apašt. Jokūbo parapija,"Šiaulių r. sav., Bubių sen., Kurtuvėnų mstl."
190768627,Kuršėnų Šv. Jono Krikštytojo parapija,"Šiaulių r. sav., Kuršėnai, Vydūno g. 2, LT-81183"
191253039,Kurų Šv. Antano Paduviečio parapija,"Radviliškio r. sav., Radviliškio apylinkės sen., Šniūraičių k."
191291082,Kučiūnų Šv. Kazimiero parapija,"Lazdijų r. sav., Kučiūnų sen., Kučiūnų k."
191253224,Kužių Švč. M. Marijos Gimimo parapija,"Šiaulių r. sav., Kužiai"
191258157,Kvetkų Šv. Jono Krikštytojo parapija,"Biržų r. sav., Papilio sen., Kvetkų k."
191280449,Kvėdarnos Švč. M. Marijos Nekaltojo Prasidėjimo parapija,"Šilalės r. sav., Kvėdarna, Piliakalnio g. 3, LT-75348"
191298447,Kybartų Eucharistinio Išganytojo parapija,"Vilkaviškio r. sav., Kybartai, Darvino g. 12, LT-70440"
191262764,Kyburių Švč. M. Marijos angeliškosios parapija,"Pasvalio r. sav., Vaškų sen., Kyburių k."
191045180,Kėdainių Šv. Juozapo parapija,"Kėdainiai, Radvilų g. 10, LT-57254"
191045038,Kėdainių Šv. Jurgio parapija,"Kėdainiai, Juodkiškio g. 8, LT-57215"
192054175,Kūlūpėnų parapija,"Kretingos r. sav., Kūlupėnų sen., Kūlupėnų k."
191280591,LAUKUVOS ŠV. KRYŽIAUS ATRADIMO PARAPIJA,"Šilalės r. sav., Laukuva, Taikos g. 20, LT-75407"
191240159,Labanoro Švč. M. Marijos Gimimo parapija,"Švenčionių r. sav., Labanoras"
191247470,Labūnavos Dievo Apvaizdos parapija,"Kėdainių r. sav., Pelėdnagių sen., Labūnavos k."
191273821,Laižuvos Švč. Trejybės parapija,"Mažeikių r. sav., Laižuva"
291298590,Lankeliškių Švč. Trejybės parapija,"Vilkaviškio r. sav., Šeimenos sen., Kunigiškių k., Klampučių g. 56, LT-70203"
191247513,Lančiūnavos Šv. Kazimiero parapija,"Kėdainių r. sav., Vilainių sen., Lančiūnavos k."
191245996,Lapių Šv. Jono Krikštytojo parapija,"Kauno r. sav., Lapės, Mokyklos g. 2B, LT-54434"
191286092,Lauko Sodos Šv. Joachimo parapija,"Telšių r. sav., Ryškėnų sen., Lauko Sodos mstl."
191244218,Lauksodžio Šv. Aloyzo parapija,"Pakruojo r. sav., Žeimelio sen., Lauksodžio k."
291275830,Laukžemės Šv. apašt. Andriejaus parapija,"Kretingos r. sav., Darbėnų sen., Laukžemės k."
291301990,Lavoriškių Šv. Jono Krikštytojo parapija,"Vilniaus r. sav., Lavoriškių sen., Lavoriškių k."
191291125,Lazdijų Šv. Onos parapija,"Lazdijai, Dainavos g. 4, LT-67118"
191273974,Leckavos Šv. Lauryno parapija,"Mažeikių r. sav., Reivyčių sen., Leckavos mstl."
191291278,Leipalingio Švč. M. Marijos Ėmimo į dangų parapija,"Druskininkų sav., Leipalingis, Kapų g. 2, LT-67280"
191296058,Lekėčių Šv. Kazimiero parapija,"Šakių r. sav., Lekėčiai"
191268799,Leliūnų Šv. Juozapo parapija,"Utenos r. sav., Leliūnai, Kauno g. 19, LT-28361"
291278940,Lenkimų Šv. Onos parapija,"Skuodo r. sav., Lenkimai"
191306431,Lentvario Viešpaties Apreiškimo Švč. M. Marijai parapija,"Trakų r. sav., Lentvaris, Pietų g. 28, LT-25117"
291249860,Lesčių Dievo Apvaizdos parapija,"Raseinių r. sav., Ariogalos sen., Lesčių k."
191286135,Lieplaukės Šv. Jurgio parapija,"Telšių r. sav., Ryškėnų sen., Lieplaukės k."
191304576,Linkmenų Švč. Trejybės parapija,"Ignalinos r. sav., Linkmenų sen., Linkmenų k."
291263290,Linkuvos Švč. M. Marijos Škaplierinės parapija,"Pakruojo r. sav., Linkuva, Laisvės g. 25, LT-83445"
191253377,Liolių Šv. apašt. Simono ir Judo Tado parapija,"Kelmės r. sav., Lioliai"
191293514,Liubavo Švč. Trejybės parapija,"Kalvarijos sav., Liubavo sen., Liubavo k."
191293667,Liudvinavo Šv. Liudviko parapija,"Marijampolės sav., Liudvinavas"
191291310,Liškiavos Švč. Trejybės parapija,"Varėnos r. sav., Merkinės sen., Liškiavos k."
191284084,Lomių Kristaus Atsimainymo parapija,"Tauragės r. sav., Mažonų sen., Lomių k."
191296243,Lukšių Šv. Juozapo parapija,"Šakių r. sav., Lukšiai, A. Tatarės g. 31, LT-71180"
191265874,Lukštų Šv. Jono apaštalo ir evangelisto parapija,"Rokiškio r. sav., Juodupės sen., Lukštų k."
191286288,Luokės Visų Šventųjų parapija,"Telšių r. sav., Luokė"
191255232,Lyduokių Šv. arkangelo Mykolo parapija,"Ukmergės r. sav., Lyduokiai"
191250071,Lyduvėnų Šv. apaštalų Petro ir Povilo parapija,"Raseinių r. sav., Šiluvos sen., Lyduvėnų mstl."
291253410,Lygumų Švč. Trejybės parapija,"Pakruojo r. sav., Lygumai, Sodo g. 6, LT-83306"
191264053,Lėno Šv. Antano Paduviečio parapija,"Ukmergės r. sav., Taujėnų sen., Lėno k."
191253562,Maironių Švč. M. Marijos parapija,"Kelmės r. sav., Liolių sen., Maironių k."
191302034,Maišiagalos Švč. M. Marijos Ėmimo į dangų parapija,"Vilniaus r. sav., Maišiagala, Vilniaus g. 18, LT-14242"
191308788,Marcinkonių Šv. apaštalų Simono ir Judo Tado parapija,"Varėnos r. sav., Marcinkonių sen., Marcinkonių k."
191288524,Margininkų Švč. M. Marijos Škaplierinės parapija,"Kauno r. sav., Taurakiemio sen., Margininkų k."
291294040,Marijampolės Šv. Vincento Pauliečio parapija,"Marijampolė, Vytauto g. 31A, LT-68293"
191293852,Marijampolės šv. Arkangelo Mykolo parapija,"Marijampolė, Bažnyčios g. 1"
302944567,Marijampolės šventojo Jono Pauliaus II-ojo parapija,"Marijampolė, Vytauto g. 33, LT-68293"
300065809,Mažeikių Šv. Pranciškaus Asyžiečio parapija,"Mažeikiai, Naftininkų g. 13, LT-89239"
190768965,Mažeikių Švč. Jėzaus Širdies parapija,"Mažeikiai, J. Basanavičiaus g. 18, LT-89218"
191277271,Medingėnų Švč. Trejybės parapija,"Rietavo sav., Medingėnų sen., Medingėnų k."
191307490,Medininkų Švč. Trejybės ir Šv. Kazimiero parapija,"Vilniaus r. sav., Medininkų sen., Medininkų k."
191238083,Merkinės Švč. M. Marijos Ėmimo į dangų parapija,"Varėnos r. sav., Merkinė, Piliakalnio g. 1"
191291463,Metelių Kristaus Atsimainymo parapija,"Lazdijų r. sav., Seirijų sen., Metelių k."
191246564,Meškuičių Šv. vysk. Stanislovo parapija,"Šiaulių r. sav., Meškuičių sen., Meškuičių k."
191272349,Micaičių Nukryžiuotojo Jėzaus parapija,"Šiaulių r. sav., Kuršėnų kaimiškoji sen., Micaičių k., Draugystės g. 2, LT-81210"
191302187,Mickūnų Švč. M. Marijos Ėmimo į dangų parapija,"Vilniaus r. sav., Mickūnai, Mokyklos g. 8, LT-13116"
191304619,Mielagėnų Šv. Jono Krikštytojo parapija,"Ignalinos r. sav., Mielagėnai"
191260560,Miežiškių Šv. M. Marijos parapija,"Panevėžio r. sav., Miežiškiai, Nevėžio g. 17, LT-38116"
191275982,Mikoliškių Šv. Juozapo parapija,"Kretingos r. sav., Žalgirio sen., Mikoliškių k."
191250114,Milašaičių Nukryžiuotojo Jėzaus parapija,"Raseinių r. sav., Ariogalos sen., Milašaičių k."
191294192,Mindaugų Šv. Mykolo parapija,"Kalvarijos sav., Kalvarijos sen., Sūsninkų k."
191290023,Miroslavo Švč. Trejybės parapija,"Alytaus r. sav., Miroslavo sen., Miroslavo k."
191286320,Mitkaičių Švč. M. Marijos parapija,"Telšių r. sav., Nevarėnų sen., Mitkaičių k."
191239032,Molėtų Šv. apaštalų Petro ir Povilo parapija,"Molėtai, Šv. Jono Pauliaus II g. 3, LT-33101"
191279094,Mosėdžio Šv. arkang. Mykolo parapija,"Skuodo r. sav., Mosėdis"
191241599,Musninkų Švč. Trejybės parapija,"Širvintų r. sav., Musninkai"
191260756,Naujamiesčio Šv. apašt. evang. Mato parapija,"Panevėžio r. sav., Naujamiestis, J. Basanavičiaus g. 16, LT-38340"
191304761,Naujojo Daugeliškio Šv. Joakimo ir Šv. Onos parapija,"Ignalinos r. sav., Naujojo Daugėliškio sen., Naujojo Daugėliškio k."
191274019,Naujosios Akmenės Šv. Dvasios Atsiuntimo parapija,Naujoji Akmenė
192097237,Naujosios Vilnios Švč. M. Marijos Taikos Karalienės parapija,"Vilnius, Pergalės g. 34A, LT-11202"
191288677,Naujosios Ūtos Šv. Vincento Pauliečio parapija,"Prienų r. sav., Naujosios Ūtos sen., Naujosios Ūtos k."
191238126,Nedzingės Švč. Trejybės parapija,"Varėnos r. sav., Varėnos sen., Nedzingės k."
191284127,Nemakščių Švč. Trejybės parapija,"Raseinių r. sav., Nemakščiai, Laisvės g. 27A, LT-60383"
191240344,Nemaniūnų Šv. apaštalų Petro ir Pauliaus parapija,"Birštono sav., Nemajūnų k."
291302220,Nemenčinės Šv. arkangelo Mykolo parapija,"Vilniaus r. sav., Nemenčinė, Bažnyčios g. 13, LT-15172"
191296396,Nemirų Šventosios Dvasios parapija,"Kazlų Rūdos sav., Jankų sen., Nemirų k."
191238311,Nemunaičio Švč. M. Marijos Gimimo parapija,"Alytaus r. sav., Nemunaitis"
191258342,Nemunėlio Radviliškio Švč. M. Marijos parapija,"Biržų r. sav., Nemunėlio Radviliškis"
304642197,Nemėžio Šv. Rapolo Kalinausko parapija,"Vilniaus r. sav., Nemėžio sen., Nemėžio k., Stadiono g. 2A, LT-13260"
191286473,Nerimdaičių Šv. apaštalo Baltramiejaus parapija,"Telšių r. sav., Nevarėnų sen., Nerimdaičių mstl."
191286516,Nevarėnų Nukryžiuotojo Jėzaus parapija,"Telšių r. sav., Nevarėnai"
190768431,Nidos Marijos Krikščionių pagalbos parapija,"Neringa, Taikos g. 17, LT-93121"
191303321,Norviliškių Švč. M. Marijos Gailestingumo Motinos parapija,"Šalčininkų r. sav., Dieveniškių sen., Norviliškių k."
191279137,Notėnų Šv. kank. Kotrynos parapija,"Skuodo r. sav., Notėnų sen., Notėnų k."
191265917,Obelių Šv. Onos parapija,"Rokiškio r. sav., Obeliai, Stoties g. 11, LT-42216"
191266061,Onuškio šv. Mykolo arkangelo parapija,"Rokiškio r. sav., Juodupės sen., Onuškio k."
191240497,Onuškio šv. apašt. Pilypo ir Jokūbo parapija,"Trakų r. sav., Onuškis"
191261096,PANEVĖŽIO KRISTAUS KARALIAUS KATEDROS PARAPIJA,"Panevėžys, Katedros a. 7, LT-35240"
191255385,Pabaisko Švč. Trejybės parapija,"Ukmergės r. sav., Pabaiskas"
191303474,Pabarės Švč. M. Marijos Ėmimo į dangų parapija,"Šalčininkų r. sav., Pabarės sen., Pabarės k."
191302372,Paberžės Švč. Jėzaus Širdies parapija,"Vilniaus r. sav., Paberžės sen., Paberžės k."
191247666,Paberžės Švč. M. Marijos Apsilankymo parapija,"Kėdainių r. sav., Gudžiūnų sen., Paberžės k."
191258495,Pabiržės Švč. Trejybės parapija,"Biržų r. sav., Pabiržė, Bažnyčios a. 1, LT-41383"
191304957,"Pabradės Švč. Mergelės Marijos, Šeimos Karalienės, parapija","Švenčionių r. sav., Pabradė, Įkalnės g. 7, LT-18175"
192068495,Paežerėlių Šv. Angelų Sargų parapija,"Šakių r. sav., Kriūkų sen., Paežerėlių k."
191247851,Pagirių Švč. M. Marijos Apsilankymo parapija,"Kėdainių r. sav., Šėtos sen., Pagirių mstl., Ramygalos g. 17, LT-58483"
291284270,Pagramančio Švč. M. Marijos Nekaltojo Prasidėjimo parapija,"Tauragės r. sav., Mažonų sen., Pagramančio mstl."
191282076,Pagėgių Šv. Kryžiaus parapija,"Pagėgiai, Vydūno g. 6, LT-99293"
191298632,Pajevonio Šv. Jono Krikštytojo parapija,"Vilkaviškio r. sav., Pajevonio sen., Pajevonio k."
191248049,"Pajieslio Švč. M. Marijos, Liūdinčiųjų Guodėjos parapija","Kėdainių r. sav., Krakių sen., Pajieslio k."
191280634,Pajūralio Šv. Joakimo parapija,"Šilalės r. sav., Kvėdarnos sen., Pajūralio k."
191280787,Pajūrio Švč. Trejybės parapija,"Šilalės r. sav., Pajūris"
191268831,Pakalnių Švč. Trejybės parapija,"Utenos r. sav., Leliūnų sen., Pakalnių k."
191253758,Pakapės Švč. M. Marijos Ėmimo į dangų parapija,"Šiaulių r. sav., Šiaulių kaimiškoji sen., Pakapės k."
191284312,Pakražančio Apreiškimo Švč. M. Marijai parapija,"Kelmės r. sav., Pakražančio sen., Pakražančio k."
191267697,Pakruojo Šv. Jono Krikštytojo parapija,"Pakruojis, Vytauto Didžiojo g. 67A"
291288710,Pakuonio Švč. M. Marijos Ėmimo į dangų parapija,"Prienų r. sav., Pakuonis, Tylos g. 18, LT-59319"
191277314,Pakutuvėnų Šv. Antano Paduviečio parapija,"Plungės r. sav., Šateikių sen., Pakutuvėnų k."
191276027,Palangos Švč. M. Marijos Ėmimo į dangų parapija,"Palanga, Vytauto g. 51, LT-00134"
191250267,Paliepių Šv. Kryžiaus parapija,"Raseinių r. sav., Ariogalos sen., Paliepių k."
191242548,Palomenės šv. Arkang. Mykolo parapija,"Kaišiadorių r. sav., Palomenės sen., Palomenės k."
191253943,Palonų Dievo Apvaizdos parapija,"Radviliškio r. sav., Baisogalos apylinkės sen., Palonų mstl."
191306584,Paluknio Šv. Jono Krikštytojo parapija,"Trakų r. sav., Paluknio sen., Paluknio k."
191296439,Paluobių Šv. Angelų Sargų parapija,"Šakių r. sav., Griškabūdžio sen., Paluobių k."
192094127,Palėvenėlės Nekalto Prasidėjimo parapija,"Kupiškio r. sav., Alizavos sen., Palėvenėlės k."
191259597,Palėvenės Šv. Domininko parapija,"Kupiškio r. sav., Noriūnų sen., Palėvenės mstl."
191305144,Palūšės Šv. Juozapo parapija,"Ignalinos r. sav., Ignalinos sen., Palūšės k."
291267730,Pamūšio Šv. Antano Paduviečio parapija,"Pakruojo r. sav., Pašvitinio sen., Pamūšio k."
191266257,Pandėlio Švč. M. Marijos Vardo parapija,"Rokiškio r. sav., Pandėlys, Panemunio g. 26, LT-42373"
191266595,Panemunio Švč. Trejybės parapija,"Rokiškio r. sav., Pandėlio sen., Panemunio k."
191266442,Panemunėlio šv. Juozapo globos parapija,"Rokiškio r. sav., Panemunėlio sen., Panemunėlio mstl."
191261139,Panevėžio Šv. apašt. Petro ir Povilo parapija,"Panevėžys, Smėlynės g. 10A, LT-35143"
191245843,Panevėžiuko Nukryžiuotojo Jėzaus parapija,"Kauno r. sav., Babtų sen., Panevėžiuko k."
191255428,Panoterių Šv. Kryžiaus Atradimo parapija,"Jonavos r. sav., Šilų sen., Panoterių mstl."
191242690,Paparčių šv. vysk. Stanislovo ir šv. Pranciškaus Asyžiečio parapija,"Kaišiadorių r. sav., Paparčių sen., Paparčių k."
191258538,Papilio Nekaltosios Švč. M. Marijos parapija,"Biržų r. sav., Papilys"
191272491,Papilės Šv. Juozapo parapija,"Akmenės r. sav., Papilė, J. Basanavičiaus g. 4, LT-85243"
191305297,Paringio Švč. Jėzaus Širdies parapija,"Ignalinos r. sav., Naujojo Daugėliškio sen., Paringio k."
191307533,Parudaminio Kristaus Atsimainymo parapija,"Vilniaus r. sav., Marijampolio sen., Parudaminio k."
191263332,Pasvalio Šv. Jono Krikštytojo parapija,"Pasvalys, Vytauto Didžiojo a. 5, LT-39149"
292067960,Patašinės Šv. Kryžiaus Išaukštinimo parapija,"Marijampolės sav., Marijampolės sen., Patašinės k., Vyšnialaukio g. 11, LT-69104"
191294235,Patilčių Šv. Petro Išvadavimo parapija,"Marijampolės sav., Patašinės sen., Patilčių k. 5, LT-69102"
191250452,"Paupio Šv. Šeimos-Jėzaus, Marijos ir Juozapo parapija","Raseinių r. sav., Viduklės sen., Paupio k."
191286669,Pavandenės Šv. Onos parapija,"Telšių r. sav., Varnių sen., Pavandenės mstl."
291305330,Pavoverės Šv. Kazimiero parapija,"Švenčionių r. sav., Pabradės sen., Pavoverės k."
191260941,Paįstrio Švč. M. Marijos globos parapija,"Panevėžio r. sav., Panevėžio sen., Paįstrio k."
191284465,Pašaltuonio Švč. M. Marijos Ėmimo į dangų parapija,"Jurbarko r. sav., Eržvilko sen., Pašaltuonio k."
192057328,Pašilės Šv. Barboros parapija,Ukmergė
291280820,Pašilės Šv. Jurgio parapija,"Kelmės r. sav., Kražių sen., Pašilės mstl."
191246030,Paštuvos Šv. Barboros parapija,"Kauno r. sav., Raudondvario sen., Paštuvos k."
191254098,Pašušvio Visų Šventųjų parapija,"Radviliškio r. sav., Šiaulėnų apylinkės sen., Pašušvio k."
191244360,Pašvitinio Švč. Trejybės parapija,"Pakruojo r. sav., Pašvitinys, K. Korsako g. 6, LT-83341"
191288862,Pažėrų Švč. Jėzaus Širdies parapija,"Kauno r. sav., Alšėnų sen., Pažėrų k."
191238279,Perlojos Švč. M. Marijos ir Šv. Pranciškaus Asyžiečio parapija,"Varėnos r. sav., Varėnos sen., Perlojos k."
191248191,Pernaravos Nukryžiuotojo Jėzaus parapija,"Kėdainių r. sav., Pernarava"
191274161,Pievėnų Nukryžiuotojo Jėzaus parapija,"Mažeikių r. sav., Tirkšlių sen., Pievėnų k."
191274542,Pikelių Švč. Trejybės parapija,"Mažeikių r. sav., Židikų sen., Pikelių mstl."
191298785,Pilviškių Švč. Trejybės parapija,"Vilkaviškio r. sav., Pilviškiai, Vasario 16-osios g. 26, LT-70495"
191236837,Pivašiūnų Švč. M. Marijos Ėmimo į dangų parapija,"Alytaus r. sav., Pivašiūnų sen., Pivašiūnų k."
191277467,Platelių Šv. apašt. Petro ir Pauliaus parapija,"Plungės r. sav., Plateliai, Didžioji g. 15, LT-90420"
191271432,"Plikių Šv. Šeimos-Jėzaus, Marijos ir Juozapo parapija","Klaipėdos r. sav., Kretingalės sen., Plikių mstl."
191296581,Plokščių Švč. M. Marijos Vardo parapija,"Šakių r. sav., Gelgaudiškio sen., Plokščių k."
191277652,Plungės Šv. Jono Krikštytojo parapija,"Plungė, Vytauto g. 32, LT-90123"
191294388,Plutiškių Šv. Juozapo parapija,"Kazlų Rūdos sav., Plutiškių sen., Plutiškių k."
191254130,Pociūnėlių Šv. Jono Krikštytojo parapija,"Radviliškio r. sav., Skėmių apylinkės sen., Pociūnėlių mstl."
191254283,Polekėlės Švč. M. Marijos Širdies parapija,"Radviliškio r. sav., Tyrulių gyvenvietės sen., Polekėlės k."
191313059,Požerės Kristaus Atsimainymo parapija,"Šilalės r. sav., Laukuvos sen., Požerės k."
190768584,Priekulės Šv. Antano Paduviečio parapija,"Klaipėdos r. sav., Priekulė, Turgaus g. 11, LT-96340"
291289050,Prienų Kristaus Apsireiškimo parapija,"Prienai, Kęstučio g. 7, LT-59129"
191263485,Pumpėnų Švč. M. Marijos Škaplierinės parapija,"Pasvalio r. sav., Pumpėnai"
291236980,Punios Šv. apaštalo Jokūbo parapija,"Alytaus r. sav., Punios sen., Punios k."
191237362,Pusnės Šv. Juozapo Globos parapija,"Molėtų r. sav., Giedraičių sen., Pusnės k."
191263528,Pušaloto Šv. apašt. Petro ir Povilo parapija,"Pasvalio r. sav., Pušalotas, Savanorių g. 19, LT-39258"
191067839,Radviliškio Švč. M. Marijos Gimimo parapija,"Radviliškis, Maironio g. 8, LT-82133"
191266638,Ragelių Švč. Mergelės Marijos parapija,"Rokiškio r. sav., Jūžintų sen., Ragelių k."
191264249,Raguvos Švč. M. Marijos Ėmimo į dangų parapija,"Panevėžio r. sav., Raguva, Laisvės g. 28, LT-38155"
191264391,Raguvėlės Šv. diak. Stepono parapija,"Anykščių r. sav., Troškūnų sen., Raguvėlės k."
191261324,Ramygalos Šv. Jono Krikštytojo parapija,"Panevėžio r. sav., Ramygala, Bažnyčios g. 6, LT-38261"
190844128,Raseinių Švč. M. Marijos Ėmimo į dangų parapija,"Raseiniai, Bažnyčios g. 2, LT-60169"
191246183,Raudondvario Šv. Kūdikėlio Jėzaus Teresės parapija,"Kauno r. sav., Raudondvario sen., Raudondvario k., M. Valančiaus g. 24, LT-54137"
191250648,Raudonės Švč. Jėzaus Širdies parapija,"Jurbarko r. sav., Raudonės sen., Raudonės k."
191272534,Raudėnų Šv. apaštalo Baltramiejaus parapija,"Šiaulių r. sav., Raudėnų sen., Raudėnų k."
191274357,Renavo Šv. Izidoriaus parapija,"Mažeikių r. sav., Sedos sen., Renavo k."
191305482,Reškutėnų Šv. Izidoriaus parapija,"Švenčionių r. sav., Švenčionėlių sen., Reškutėnų k."
191277848,Rietavo Šv. arkang. Mykolo parapija,"Rietavas, Laisvės g. 2A"
191302415,Riešės Šv. vysk. Stanislovo parapija,"Vilniaus r. sav., Riešės sen., Didžiosios Riešės k., Molėtų g. 4, LT-14260"
191300211,Rimšės Švč. Trejybės parapija,"Ignalinos r. sav., Rimšė"
191266780,Rokiškio Šv. apaštalo evangelisto Mato parapija,"Rokiškis, Nepriklausomybės a. 1A, LT-42114"
300151560,Rokų Šv. Antano Paduviečio parapija,"Kaunas, J. Borutos g. 23, LT-46115"
191282119,Ropkojų Šv. Jono Krikštytojo parapija,"Pagėgių sav., Natkiškių sen., Ropkojų k."
191267882,Rozalimo Švč. M. Marijos Vardo parapija,"Pakruojo r. sav., Rozalimas"
191274695,Rubikų Šv. Roko parapija,"Mažeikių r. sav., Šerkšnėnų sen., Rubikų k."
191312861,Rudaminos Švč. M. Marijos Gerosios Patarėjos parapija,"Vilniaus r. sav., Rudaminos sen., Rudaminos k., Vilniaus g. 8, LT-13246"
191291844,Rudaminos Švč. Trejybės parapija,"Lazdijų r. sav., Šeštokų sen., Rudaminos mstl."
191244556,Rudiškių Šv. apašt. Pilypo ir Jokūbo parapija,"Joniškio r. sav., Rudiškių sen., Rudiškių k., Pamūšio g. 2, LT-84274"
191308820,Rudnios Švč. M. Marijos Nuolatinės Globėjos parapija,"Varėnos r. sav., Kaniavos sen., Rudnios k."
191307686,Rukainių Šv. arkangelo Mykolo parapija,"Vilniaus r. sav., Rukainių sen., Rukainių k."
192058191,Ruklos Šventosios Dvasios parapija,"Jonavos r. sav., Ruklos sen., Ruklos k."
191282261,Rukų Šv. Antano Paduviečio parapija,"Pagėgių sav., Stoniškių sen., Rukų k."
191290176,Rumbonių Švč. Trejybės parapija,"Alytaus r. sav., Alytaus sen., Rumbonių k., Nemuno g. 55, LT-62187"
191246226,Rumšiškių Šv. arkangelo Mykolo parapija,"Kaišiadorių r. sav., Rumšiškės, Marių g. 64, LT-56337"
191306627,Rykantų Švč. Trejybės parapija,"Trakų r. sav., Lentvario sen., Rykantų k."
191238464,Ryliškių Šv. Monikos parapija,"Alytaus r. sav., Raitininkų sen., Ryliškių k."
302426329,Rėkyvos Šv. Juozapo Darbininko parapija,"Šiauliai, Poilsio g. 1A, LT-79228"
291306770,Rūdiškių Švč. Jėzaus Širdies parapija,"Trakų r. sav., Rūdiškės, Bažnyčios g. 1, LT-21176"
191303517,Rūdninkų Švč. Trejybės parapija,"Šalčininkų r. sav., Jašiūnų sen., Rūdninkų k., Bažnyčios g. 45, LT-17237"
191270330,Salako Švč. M. Marijos Sopulingosios parapija,"Zarasų r. sav., Salakas, Bažnyčios g. 28, LT-32217"
291259630,Salamiesčio Šv. Antano Paduviečio parapija,"Kupiškio r. sav., Alizavos sen., Salamiesčio mstl., Biržų g. 16, LT-40438"
291276170,Salantų Švč. M. Marijos Ėmimo į dangų parapija,"Kretingos r. sav., Salantai, Dariaus ir Girėno g. 10, LT-97312"
191239947,Saldutiškio Šv. Pranciškaus Asyžiečio parapija,"Utenos r. sav., Saldutiškis"
191263670,Saločių Šv. Juozapo parapija,"Pasvalio r. sav., Saločiai, Mūšos g. 1, LT-39423"
191266823,Salų šv. Kryžiaus parapija,"Rokiškio r. sav., Kamajų sen., Salų k."
191294573,Sangrūdos Šv. Kūdikėlio Jėzaus Teresės parapija,"Kalvarijos sav., Sangrūdos sen., Sangrūdos k."
191290219,Santaikos Kristaus Karaliaus parapija,"Alytaus r. sav., Krokialaukio sen., Santaikos k."
191284650,Sartininkų Šv. Jurgio parapija,"Tauragės r. sav., Žygaičių sen., Sartininkų k."
191294616,Sasnavos Švč. M. Marijos Vardo parapija,"Marijampolės sav., Sasnava"
191282457,Saugų Šv. Kazimiero parapija,"Šilutės r. sav., Saugų sen., Saugų k."
190769152,Sedos Švč. M. Marijos Ėmimo į dangų parapija,"Mažeikių r. sav., Seda, Varduvos g. 1, LT-89380"
191291997,Seirijų Švč. M. Marijos Škaplierinės parapija,"Lazdijų r. sav., Seirijai, Vytauto g. 35, LT-67227"
191242733,Semeliškių šv. Lauryno parapija,"Elektrėnų sav., Semeliškės"
192065428,Senosios Varėnos šv. Arkang. Mykolo parapija,"Varėnos r. sav., Varėnos sen., Senosios Varėnos k."
191306812,Senųjų Trakų Viešpaties Apreiškimo Švč. M. Marijai ir Šv. Benedikto parapija,"Trakų r. sav., Senųjų Trakų sen., Senųjų Trakų k."
191250790,Seredžiaus Šv. Jono Krikštytojo parapija,"Jurbarko r. sav., Seredžius, P. Cvirkos g. 13, LT-74423"
191267925,Sidabravo Švč. Trejybės parapija,"Radviliškio r. sav., Sidabravas"
191255570,Siesikų Šv. apaštalo Baltramiejaus parapija,"Ukmergės r. sav., Siesikai, Nepriklausomybės g. 5"
192067393,Simno Švč. M. Marijos Ėmimo į dangų parapija,"Alytaus r. sav., Simnas, Kreivoji g. 3, LT-64312"
191296624,Sintautų Švč. M. Marijos Ėmimo į dangų parapija,"Šakių r. sav., Sintautai, P. Vaičaičio g. 37, LT-71336"
191244741,Skaistgirio Šv. Jurgio parapija,"Joniškio r. sav., Skaistgirys"
191259782,Skapiškio Šv. Hiacinto (Jackaus) parapija,"Kupiškio r. sav., Skapiškis, Dariaus ir Girėno g. 2A, LT-40464"
191294769,Skardupių Švč. M. Marijos Krikščionių Pagalbos parapija,"Marijampolės sav., Marijampolės sen., Skardupių k."
191284846,Skaudvilės Šv. Kryžiaus parapija,"Tauragės r. sav., Skaudvilė, Tauragės g. 2, LT-73423"
191257436,Skiemonių Švč. M. Marijos parapija,"Anykščių r. sav., Skiemonys"
191250833,Skirsnemunės Šv. Jurgio parapija,"Jurbarko r. sav., Skirsnemunės sen., Skirsnemunės k., Mikalojaus Gadliausko g. 8, LT-74484"
191263713,Skrebotiškio Švč. Jėzaus Širdies parapija,"Pasvalio r. sav., Vaškų sen., Skrebotiškio k."
191289245,Skriaudžių Šv. Lauryno parapija,"Prienų r. sav., Veiverių sen., Skriaudžių k., Ramybės g. 8, LT-59277"
191239185,Skudutiškio Švč. Trejybės parapija,"Molėtų r. sav., Suginčių sen., Skudutiškio k."
291279280,Skuodo Švč. Trejybės parapija,"Skuodas, Gedimino g. 12, LT-98126"
191296777,Slavikų Šv. Onos parapija,"Šakių r. sav., Šakių sen., Slavikų k."
303566444,Slengių Šv. Jono Pauliaus II parapija,"Klaipėdos r. sav., Vėžaičiai, Gargždų g. 23B, LT-96214"
191282642,Smalininkų Šv. Juozapo parapija,"Jurbarko r. sav., Smalininkai"
191300364,Smalvų Švč. M. Marijos Rožančinės parapija,"Zarasų r. sav., Turmanto sen., Smalvų k."
191258680,Smilgių Nukryžiuotojo Jėzaus parapija,"Biržų r. sav., Pačeriaukštės sen., Smilgių k."
291268070,Smilgių Šv. Jurgio parapija,"Panevėžio r. sav., Smilgiai"
191261477,Spirakių Švč. Trejybės parapija,"Panevėžio r. sav., Panevėžio sen., Spirakių k."
191268984,"Spitrėnų Švč. M. Marijos, Taikos Karalienės parapija","Utenos r. sav., Utenos sen., Spitrėnų k."
191271585,Spraudės Šv. apašt. Pauliaus parapija,"Rietavo sav., Rietavo sen., Spraudžio k."
191250986,Stakių Šv. Antano Paduviečio parapija,"Jurbarko r. sav., Raudonės sen., Stakių k."
291240530,Stakliškių Švč. Trejybės parapija,"Prienų r. sav., Stakliškių sen., Stakliškių k."
191277990,Stalgėnų Šv. apašt. Petro ir Pauliaus parapija,"Plungės r. sav., Stalgėnų sen., Stalgėnų k."
191254326,Stačiūnų Šv. Lauryno parapija,"Pakruojo r. sav., Lygumų sen., Stačiūnų k."
191282795,Stemplių Šv. Aloyzo parapija,"Šilutės r. sav., Švėkšnos sen., Stemplių k."
191239228,Stirnių Šv. Jono Krikštytojo Nukankinimo parapija,"Molėtų r. sav., Čiulėnų sen., Stirnių k."
191305525,Strūnaičio Šv. Apaštalų Petro ir Povilo parapija,"Švenčionių r. sav., Strūnaičio sen., Naujo Strūnaičio k."
191284999,Stulgių Šv. Mato parapija,"Kelmės r. sav., Tytuvėnų apylinkių sen., Stulgių k."
191259825,Subačiaus Šv. Pranciškaus Asyžiečio parapija,"Kupiškio r. sav., Subačius, Biržų g. 4, LT-40405"
300113499,Subačiaus Švč. Trejybės parapija,"Kupiškio r. sav., Subačiaus sen., Subačiaus mstl."
291296810,Sudargo Šv. Jono Krikštytojo parapija,"Šakių r. sav., Kidulių sen., Sudargo k."
191269029,Sudeikių Švč. M. Marijos parapija,"Utenos r. sav., Sudeikiai"
191302568,Sudervės Švč. Trejybės parapija,"Vilniaus r. sav., Sudervės sen., Sudervės k., Kernavės g. 1, LT-14201"
191239413,Suginčių Šv. Kryžiaus Atradimo parapija,"Molėtų r. sav., Suginčių sen., Suginčių k., Darželio g. 8, LT-33334"
191258723,Suosto Šv. Kryžiaus Išaukštinimo parapija,"Biržų r. sav., Nemunėlio Radviliškio sen., Suosto k."
191264434,Surdegio Švč. M. Marijos Ėmimo į dangų parapija,"Anykščių r. sav., Troškūnų sen., Surdegio mstl."
191248234,Surviliškio Nukryžiuotojo Jėzaus parapija,"Kėdainių r. sav., Surviliškis"
191296962,"Sutkų Švč. M. Marijos, Belaisvių vaduotojos parapija","Šakių r. sav., Kriūkų sen., Sutkų k."
191266976,Suvainiškio šv. Jokūbo apaštalo parapija,"Rokiškio r. sav., Pandėlio sen., Suvainiškio mstl."
191302753,Sužionių Šv. Felikso Valua parapija,"Vilniaus r. sav., Sužionių sen., Sužionių k."
191257589,Svėdasų Šv. arkang. Mykolo parapija,"Anykščių r. sav., Svėdasai, Alaušo g. 2, LT-29352"
191289583,Tabariškių Kristaus Karaliaus parapija,"Kauno r. sav., Ringaudų sen., Tabariškių k."
191307871,Tabariškių Šv. arkangelo Mykolo parapija,"Šalčininkų r. sav., Turgelių sen., Tabariškių k."
191255613,Taujėnų šv. Kryžiaus Išaukštinimo parapija,"Ukmergės r. sav., Taujėnai, Užugirio g. 1A, LT-20348"
192079748,Tauragnų Šv. Jurgio parapija,"Utenos r. sav., Tauragnai, A. Musteikio g. 2, LT-28316"
191285033,Tauragės Švč. Trejybės parapija,"Tauragė, Stoties g. 2, LT-72260"
191286854,Telšių I Šv. Antano Paduviečio parapija,"Telšiai, Katedros a. 2, LT-87131"
191287041,Telšių II Švč. M. Marijos Ėmimo į dangų parapija,"Telšiai, Šviesos g. 2, LT-87127"
191281017,Tenenių Šv. Barboros parapija,"Šilalės r. sav., Teneniai"
191300745,Tilžės Švč. M. Marijos Karalienės parapija,"Zarasų r. sav., Turmanto sen., Tilžės k."
190769533,Tirkšlių Kristaus Karaliaus parapija,"Mažeikių r. sav., Tirkšliai"
191306965,Trakų Švč. M. Marijos Apsilankymo parapija,"Trakai, Vytauto Pranciškaus Rūko g. 8, LT-21106"
291264620,Traupio Šv. Onos parapija,"Anykščių r. sav., Traupis"
191264772,Troškūnų Švč. Trejybės parapija,"Anykščių r. sav., Troškūnai, Vytauto g. 1"
291261510,Truskavos Šventosios Dvasios parapija,"Kėdainių r. sav., Truskavos sen., Truskavos mstl., Linkuvės g. 5, LT-58462"
191272915,Tryškių Švč. Trejybės parapija,"Telšių r. sav., Tryškiai, M. Valančiaus g. 6, LT-88153"
191307914,Turgelių Švč. M. Marijos Ėmimo į dangų parapija,"Šalčininkų r. sav., Turgelių sen., Turgelių k."
191305863,Tverečiaus Švč. Trejybės parapija,"Ignalinos r. sav., Tverečius"
191278188,Tverų Švč. M. Marijos Apsilankymo parapija,"Rietavo sav., Tverai"
191310853,Tytuvėnų Švč. M. Marijos Angelų Karalienės parapija,"Kelmės r. sav., Tytuvėnai, Piliakalnio g. 1"
191276365,Tūbausių Šv. apaštalo Andriejaus parapija,"Kretingos r. sav., Kretingos sen., Tūbausių k."
291281160,Tūbinių Dievo Apvaizdos parapija,"Šilalės r. sav., Šilalės kaimiškoji sen., Tūbinių I k."
191287194,Ubiškės Angelų Sargų parapija,"Telšių r. sav., Tryškių sen., Ubiškės mstl., D. Bubėno g. 19, LT-88188"
291311760,Ukmergės Švč. Trejybės parapija,"Ukmergė, Kauno g. 1, LT-20130"
191256487,Ukmergės šv. apaštalų Petro ir Povilo parapija,"Ukmergė, Bažnyčios g. 8, LT-20106"
191274738,Ukrinų Šv. Antano Paduviečio parapija,"Mažeikių r. sav., Židikų sen., Ukrinų k."
191261662,Uliūnų Kristaus Žengimo į Dangų parapija,"Panevėžio r. sav., Ramygalos sen., Uliūnų k."
191255766,Upninkų Šv. arkangelo Mykolo parapija,"Jonavos r. sav., Upninkų sen., Upninkų k."
191287237,Upynos Šv. Jono Labdario parapija,"Telšių r. sav., Upynos sen., Upynos k."
191281355,Upynos Švč. M. Marijos Vardo parapija,"Šilalės r. sav., Upyna"
191261858,Upytės Šv. Karolio Boromiejaus parapija,"Panevėžio r. sav., Upytės sen., Upytės k."
191311955,Utenos Dievo Apvaizdos parapija,"Utena, Aušros g. 78, LT-28150"
191269171,Utenos Kristaus žengimo į dangų parapija,"Utena, Vytauto a. 4, LT-28242"
191274880,Užlieknės Marijos Magdalietės parapija,"Mažeikių r. sav., Tirkšlių sen., Užlieknės k."
191269214,Užpalių Švč. Trejybės parapija,"Utenos r. sav., Užpaliai, J. Basanavičiaus g. 4, LT-28385"
191240682,Užuguosčio šv. apašt. Petro ir Pauliaus parapija,"Prienų r. sav., Stakliškių sen., Užuguosčio k."
191255951,Užunevėžių Švč. M. Marijos parapija,"Anykščių r. sav., Kurklių sen., Užunvėžių k."
290768770,Užvenčio Šv. Marijos Magdalietės parapija,"Kelmės r. sav., Užventis, Kolainių g. 5, LT-86346"
191262045,VADAKTŲ ŠV. AGOTOS PARAPIJA,"Radviliškio r. sav., Sidabravo apylinkės sen., Vadaktų mstl."
191258876,Vabalninko Švč. M. Marijos Ėmimo į dangų parapija,"Biržų r. sav., Vabalninkas, S. Nėries g. 2, LT-41318"
191262198,Vadaktėlių Šv. Jono Nepomuko parapija,"Panevėžio r. sav., Naujamiesčio sen., Vadaktėlių k."
191264815,Vadoklių Švč. Jėzaus Širdies parapija,"Panevėžio r. sav., Vadokliai, Tulpių g. 1, LT-38200"
191251369,Vadžgirio Šv. Juozapo parapija,"Jurbarko r. sav., Šimkaičių sen., Vadžgirio mstl."
191306399,Vaidotų Šv. apaštalo Pauliaus Atsivertimo parapija,"Vilniaus r. sav., Pagirių sen., Vaidotų k., Statybininkų g. 3, LT-14148"
291273060,Vaiguvos Šv. Jono Krikštytojo parapija,"Kelmės r. sav., Vaiguvos sen., Vaiguvos k."
191283025,Vainuto Šv. Jono Krikštytojo parapija,"Šilutės r. sav., Vainutas"
191285186,Vaitimėnų Šv. Kryžiaus Išaukštinimo parapija,"Tauragės r. sav., Mažonų sen., Vaitimėnų k."
191279475,Vaičaičių Šv. Onos parapija,"Skuodo r. sav., Ylakių sen., Vaičaičių k."
191270679,Vajasiškio Šv. Jono Krikštytojo parapija,"Zarasų r. sav., Degučių sen., Vajasiškio k."
191307152,Valkininkų Švč. M. Marijos Apsilankymo parapija,"Varėnos r. sav., Valkininkai"
191246379,Vandžiogalos Švč. Trejybės parapija,"Kauno r. sav., Vandžiogala, Parko g. 4, LT-54388"
191285229,Varlaukio Švč. Trejybės parapija,"Jurbarko r. sav., Eržvilko sen., Varlaukio k."
291287380,Varnių I Šv. apašt. Petro ir Pauliaus parapija,"Telšių r. sav., Varniai, M. Valančiaus g. 4, LT-88319"
191312338,Varnių II Šv. Aleksandro parapija,"Telšių r. sav., Varniai, Vytauto g. 10, LT-88320"
191273255,Varputėnų Šv. Antano Paduviečio parapija,"Kelmės r. sav., Šaukėnų sen., Vidsodžio k."
191281540,Varsėdžių Šv. Roko parapija,"Šilalės r. sav., Upynos sen., Varsėdžių k."
191308973,Varėnos Šv. arkangelo Mykolo parapija,"Varėna, Savanorių g. 10, LT-65187"
191263866,Vaškų Šv. Juozapo parapija,"Pasvalio r. sav., Vaškai, Taikos g. 3, LT-39374"
291292370,Veisiejų Šv. Jurgio parapija,"Lazdijų r. sav., Veisiejai, Dariaus ir Girėno g. 1, LT-67340"
191289626,Veiverių Šv. Liudviko parapija,"Prienų r. sav., Veiveriai, Minties tak. 1, LT-59294"
191271628,Veiviržėnų Šv. apaštalo evangelisto Mato parapija,"Klaipėdos r. sav., Veiviržėnai, Laisvės g."
191251554,Veliuonos Švč. M. Marijos Ėmimo į dangų parapija,"Jurbarko r. sav., Veliuona, Draugystės g. 1, LT-74442"
191262230,Velykių Šv. apašt. Andriejaus parapija,"Panevėžio r. sav., Velžio sen., Velykių k."
301289532,Velžio Švč. Jėzaus Širdies parapija,"Panevėžio r. sav., Velžio sen., Velžio k., Alantos g. 38, LT-38128"
191312295,Ventos Švč. Mergelės Marijos Nekaltojo Prasidėjimo parapija,"Akmenės r. sav., Venta, Stoties g. 37, LT-85309"
191256149,Veprių Švč. M. Marijos Rožančinės parapija,"Ukmergės r. sav., Vepriai"
291251740,Vertimų Šv. Jono Krikštytojo parapija,"Jurbarko r. sav., Jurbarkų sen., Vertimų k., Bažnyčios g. 6, LT-74264"
191239370,Videniškių Šv. Lauryno parapija,"Molėtų r. sav., Videniškių sen., Videniškių k."
191306050,Vidiškių Švč. M. Marijos Apsilankymo parapija,"Ignalinos r. sav., Vidiškių sen., Vidiškių k."
191256291,Vidiškių Švč. Trejybės parapija,"Ukmergės r. sav., Žemaitkiemio sen., Vidiškių vs."
191273440,Vidsodžio Šv. Antano Paduviečio parapija,"Kelmės r. sav., Šaukėnų sen., Vidsodžio k."
191251892,Viduklės Šv. Kryžiaus parapija,"Raseinių r. sav., Viduklė, S. Stanevičiaus g. 1, LT-60349"
191287422,Viekšnalių Švč. M. Marijos Globos parapija,"Telšių r. sav., Luokės sen., Viekšnalių k."
190769686,Viekšnių šv. Jono Krikštytojo parapija,"Mažeikių r. sav., Viekšniai, Bažnyčios g. 4, LT-89491"
191242886,Vievio šv. Onos parapija,"Elektrėnų sav., Vievis, Ežero g. 9, LT-21377"
191257621,Viešintų Šv. arkang. Mykolo parapija,"Anykščių r. sav., Viešintos, Klevų g. 2, LT-29324"
191283178,Viešvilės Kristaus Atsimainymo parapija,"Jurbarko r. sav., Viešvilė"
191287575,Viešvėnų Švč. Trejybės parapija,"Telšių r. sav., Viešvėnų sen., Viešvėnų I k."
191298828,Vilkaviškio Švč. M. Marijos Apsilankymo parapija,"Vilkaviškis, Vysk. A. Karoso g. 2, LT-70140"
190676036,Vilkijos Šv. Jurgio parapija,"Kauno r. sav., Vilkija, Bažnyčios g. 17, LT-54227"
300011996,Vilkyčių šv. Brunono parapija,"Šilutės r. sav., Saugų sen., Vilkyčių k."
191283210,Vilkyškių Šv. Onos parapija,"Pagėgių sav., Vilkyškiai"
191301466,Vilniaus (Kalvarijos) Šv. Kryžiaus Atradimo parapija,"Vilnius, Kalvarijų g. 225"
191309160,Vilniaus (Naujosios Vilnios) Šv. Kazimiero parapija,"Vilnius, Palydovo g. 15, LT-11107"
191309356,Vilniaus (Pavilnio) Kristaus Karaliaus ir šv. Kūdikėlio Jėzaus Teresės parapija,"Vilnius, J. Kolaso g. 34, LT-11306"
191310472,Vilniaus Pal. Jurgio Matulaičio parapija,"Vilnius, Jurgio Matulaičio a. 3, LT-05111"
191312719,Vilniaus Visų Šventųjų parapija,"Vilnius, Rūdninkų g. 20"
191310515,Vilniaus Šv. Jono Bosko parapija,"Vilnius, Erfurto g. 3, LT-04220"
304938367,Vilniaus Šv. Jono Pauliaus II parapija,"Vilnius, Medeinos g. 14, LT-06156"
192084880,Vilniaus Šv. Juozapo parapija,"Vilnius, Tolminkiemio g. 4, LT-06212"
191310091,Vilniaus Šv. Mikalojaus parapija,"Vilnius, Šv. Mikalojaus g. 4, LT-01133"
192051599,Vilniaus Šv. Pranciškaus Asyžiečio parapija,"Vilnius, Maironio g. 10, LT-01124"
191310287,Vilniaus Šv. Teresės parapija,"Vilnius, Aušros Vartų g. 12, LT-01303"
191309922,Vilniaus Šv. apaštalų Petro ir Povilo parapija,"Vilnius, Antakalnio g. 1, LT-10312"
291309880,Vilniaus Šv. arkangelo Rapolo parapija,"Vilnius, Šnipiškių g. 1, LT-09309"
191309018,Vilniaus Šv. vyskupo Stanislovo ir šv. Vladislovo Arkikatedros Bazilikos parapija,"Vilnius, Katedros a."
191309541,Vilniaus Šventosios Dvasios parapija,"Vilnius, Dominikonų g. 8, LT-01131"
191309694,Vilniaus Švč. Jėzaus Širdies parapija,"Vilnius, Gerosios Vilties g. 17, LT-03147"
191309737,Vilniaus Švč. M. Marijos Nekaltojo Prasidėjimo parapija,"Vilnius, Sėlių g. 17, LT-08125"
191243835,Vilūnų šv. apašt. Petro ir Pauliaus parapija,"Kaišiadorių r. sav., Kruonio sen., Vilūnų k."
191298970,Virbalio Šv. arkangelo Mykolo parapija,"Vilkaviškio r. sav., Virbalis, Gedimino g. 2, LT-70384"
291300550,Visagino Šv. Apaštalo Pauliaus parapija,"Visaginas, Santarvės g. 1, LT-31138"
191295141,Višakio Rūdos Šv. vyskupo Stanislovo parapija,"Kazlų Rūdos sav., Kazlų Rūdos sen., Višakio Rūdos k."
191299015,Vištyčio Švč. Trejybės parapija,"Vilkaviškio r. sav., Vištytis"
191251935,Vosiliškio Šv. Juozapo parapija,"Raseinių r. sav., Pagojukų sen., Vosiliškio k."
191306246,Vosiūnų Švč. M. Marijos parapija,"Ignalinos r. sav., Didžiasalio sen., Vosiūnų k."
192089856,Vydmantų Šv. Jono Krikštytojo parapija,"Kretingos r. sav., Kretingos sen., Vydmantų k."
191240725,Vytautavos šv. Antano Paduviečio parapija,"Trakų r. sav., Rūdiškių sen., Vytautavos k."
191269367,Vyžuonų Šv. Jurgio parapija,"Utenos r. sav., Vyžuonos"
191271770,Vėžaičių Šv. Kazimiero parapija,"Klaipėdos r. sav., Vėžaičiai, Samališkės g. 8, LT-96214"
191278754,Ylakių Viešpaties Apreiškimo Švč. M. Marijai parapija,"Skuodo r. sav., Ylakiai, Židikų g. 1, LT-98350"
191289779,Zapyškio Šv. Jono Krikštytojo parapija,"Kauno r. sav., Zapyškio sen., Zapyškio mstl."
191270711,Zarasų Švč. M. Marijos Ėmimo į dangų parapija,"Zarasai, Bažnyčios g. 3, LT-32132"
191241827,Zibalų šv. Jurgio parapija,"Širvintų r. sav., Zibalai"
191292565,Ąžuolų Būdos Šv. Antano Paduviečio parapija,"Kazlų Rūdos sav., Kazlų Rūdos sen., Ąžuolų Būdos k."
191264968,Čedasų Šv. apaštalų Petro ir Povilo parapija,"Rokiškio r. sav., Rokiškio kaimiškoji sen., Čedasų k."
191245277,Čekiškės Švč. Trejybės parapija,"Kauno r. sav., Čekiškė"
191240910,Čiobiškio šv. Jono Krikštytojo parapija,"Širvintų r. sav., Čiobiškio sen., Čiobiškio k."
291260180,Ėriškių Švč. Jėzaus vardo parapija,"Panevėžio r. sav., Upytės sen., Ėriškių k."
291297150,Šakių Šv. Jono Krikštytojo parapija,"Šakiai, Vasario 16-osios g. 9, LT-71126"
191272687,Šakynos Šv. arkangelo Mykolo parapija,"Šiaulių r. sav., Šakyna"
191303855,Šalčininkėlių Šv. Jurgio parapija,"Šalčininkų r. sav., Šalčininkų sen., Šalčininkėlių k."
291303660,Šalčininkų Šv. Apaštalo Petro parapija,Šalčininkai
191278035,Šateikių Šv. evang. Morkaus parapija,"Plungės r. sav., Šateikių sen., Šateikių k."
191254479,Šaukoto Švč. Trejybės parapija,"Radviliškio r. sav., Šaukoto apylinkės sen., Šaukoto I k."
291272720,Šaukėnų Švč. Trejybės parapija,"Kelmės r. sav., Šaukėnai, Prekybos g. 6, LT-86382"
191279322,Šačių Šv. Jono Krikštytojo parapija,"Skuodo r. sav., Šačių sen., Šačių k."
191268112,Šeduvos Šv. Kryžiaus Atradimo parapija,"Radviliškio r. sav., Šeduva, Vilniaus g. 16, LT-82225"
191292031,Šeštokų Švč. M. Marijos Nuolatinės Gelbėtojos parapija,"Lazdijų r. sav., Šeštokai"
191237743,Šešuolių šv. Juozapo parapija,"Ukmergės r. sav., Šešuolių sen., Šešuolių mstl."
191241631,Šešuolėlių Švč. M. Marijos Visų Malonių Tarpininkės parapija,"Širvintų r. sav., Zibalų sen., Šešuolėlių I k."
191272872,Šiaudinės Švč. M. Marijos parapija,"Akmenės r. sav., Papilės sen., Šiaudinės k."
191068211,Šiaulių Šv. Jurgio parapija,"Šiauliai, Kražių g. 17-1"
190852185,Šiaulių Šv. apašt. Petro ir Pauliaus katedros parapija,"Šiauliai, Aušros tak. 3, LT-76294"
192057666,Šiaulių Švč. M. Marijos Nekaltojo Prasidėjimo parapija,"Šiauliai, Gegužių g. 57, LT-78327"
191254511,Šiaulėnų Šv. Onos parapija,"Radviliškio r. sav., Šiaulėnai"
191280972,Šilalės Šv. Pranciškaus Asyžiečio parapija,"Šilalė, M. Valančiaus g. 2, LT-75132"
191289398,Šilavoto Švč. Jėzaus Širdies parapija,"Prienų r. sav., Šilavoto sen., Šilavoto k."
191282838,Šilutės Šv. Kryžiaus parapija,"Šilutė, Katalikų Bažnyčios g. 1, LT-99169"
191251020,Šiluvos Švč. M. Marijos Gimimo parapija,"Raseinių r. sav., Šiluva, Raseinių g. 27, LT-60433"
191302949,Šilėnų Švč. M. Marijos parapija,"Vilniaus r. sav., Zujūnų sen., Šilėnų k."
191264587,Šilų Švč. Jėzaus Vardo parapija,"Panevėžio r. sav., Krekenavos sen., Šilų k."
191251173,Šimkaičių šv. vyskupo Martyno parapija,"Jurbarko r. sav., Šimkaičiai"
191259978,Šimonių Švč. Mergelės Marijos Ėmimo į dangų parapija,"Kupiškio r. sav., Šimonys"
191241784,Širvintų šv. Arkang. Mykolo parapija,"Širvintos, Vilniaus g. 108, LT-19127"
191254664,Šiupylių Šv. Aloyzo parapija,"Šiaulių r. sav., Gruzdžių sen., Šiupylių k."
191248572,Šlapaberžės Nukryžiuotojo Jėzaus parapija,"Kėdainių r. sav., Dotnuvos sen., Šlapaberžės k."
191292184,Šlavantų Viešpaties Apreiškimo Švč. M. Marijai parapija,"Lazdijų r. sav., Šlavantų sen., Šlavantų k."
191289430,Šlienavos Švč. M. Marijos Apsilankymo parapija,"Kauno r. sav., Samylų sen., Šlienavos k."
191307729,Šumsko Šv. arkangelo Mykolo parapija,"Vilniaus r. sav., Kalvelių sen., Šumsko mstl."
191294954,Šunskų Šv. Marijos Magdalietės parapija,"Marijampolės sav., Šunskai"
191270526,Švedriškės Šv. Jono Krikštytojo parapija,"Ignalinos r. sav., Kazitiškio sen., Švedriškės k."
191292227,Šventežerio Švč. M. Marijos Gimimo parapija,"Lazdijų r. sav., Šventežerio sen., Šventežerio k."
191276212,Šventosios Švč. Mergelės Marijos Jūrų žvaigždės parapija,"Palanga, Šventosios g. 4, LT-00306"
191248615,Šventybrasčio Kristaus Atsimainymo parapija,"Kėdainių r. sav., Vilainių sen., Šventybrasčio k."
191305710,Švenčionių Visų Šventųjų parapija,"Švenčionys, Laisvės a. 5, LT-18111"
191305678,Švenčionėlių Šv. Edvardo parapija,"Švenčionių r. sav., Švenčionėliai, Bažnyčios g. 26, LT-18221"
191282980,Švėkšnos Šv. apaštalo Jokūbo parapija,"Šilutės r. sav., Švėkšna"
291248420,Šėtos Švč. Trejybės parapija,"Kėdainių r. sav., Šėta, Lakštingalų g. 2, LT-58127"
191290361,Ūdrijos Švč. Jėzaus Širdies parapija,"Alytaus r. sav., Krokialaukio sen., Ūdrijos k."
191244894,Žagarės Šv. apašt. Petro ir Povilo parapija,"Joniškio r. sav., Žagarė, Miesto a. 1, LT-84322"
291252080,Žaiginio Šv. Antano Paduviečio parapija,"Raseinių r. sav., Šiluvos sen., Žaiginio mstl."
291313430,Žaliosios Šv. Roko parapija,"Vilkaviškio r. sav., Klausučių sen., Žaliosios k., Žaliosios g. 9, LT-70460"
191252122,Žalpių Šv. Benedikto parapija,"Kelmės r. sav., Pakražančio sen., Žalpių mstl."
191287618,Žarėnų Šv. vysk. Stanislovo parapija,"Telšių r. sav., Žarėnai"
191273593,Žarėnų-Latvelių Šv. Mikalojaus parapija,"Šiaulių r. sav., Šakynos sen., Žarėnų k."
191242929,Žaslių Šv. Jurgio parapija,"Kaišiadorių r. sav., Žaslių sen., Žaslių k."
191244937,Žeimelio Šv. apašt. Petro ir Povilo parapija,"Pakruojo r. sav., Žeimelis"
191310668,Žeimių Švč. M. Marijos Gimimo parapija,"Jonavos r. sav., Žeimiai, Taikos g. 5, LT-55384"
191237896,Želvos šv. Ignaco Lojolos parapija,"Ukmergės r. sav., Želva, Dariaus ir Girėno g. 6, LT-20208"
191256334,Žemaitkiemio Šv. Kazimiero parapija,"Ukmergės r. sav., Žemaitkiemis"
191278220,Žemaičių Kalvarijos Švč. M. Marijos Apsilankymo parapija,"Plungės r. sav., Žemaičių Kalvarija, Vienuolyno g. 1, LT-90443"
191283363,Žemaičių Naumiesčio šv. arkangelo Mykolo parapija,"Šilutės r. sav., Žemaičių Naumiestis"
191274923,Žemalės Viešpaties Apreiškimo Švč. M. Marijai parapija,"Mažeikių r. sav., Šerkšnėnų sen., Žemalės k."
191297498,Žemosios Panemunės Šv. Vincento Pauliečio parapija,"Šakių r. sav., Kriūkų sen., Žemosios Panemunės mstl."
191275078,Židikų Šv. Jono Krikštytojo parapija,"Mažeikių r. sav., Židikai"
191243988,Žiežmarių šv. apašt. Jokūbo parapija,"Kaišiadorių r. sav., Žiežmariai, A. Ažubalio g. 5, LT-56239"
191237024,Žilinų Šv. Antano Paduviečio parapija,"Varėnos r. sav., Jakėnų sen., Žilinų k."
191267010,Žiobiškio šv. arkangelo Mykolo parapija,"Rokiškio r. sav., Rokiškio kaimiškoji sen., Žiobiškio k., Šilo g. 9, LT-42411"
191278373,Žlibinų Švč. M. Marijos Krikščionių Pagalbos parapija,"Plungės r. sav., Žlibinų sen., Žlibinų k."
191273636,Žukančių Nukryžiuotojo Jėzaus parapija,"Joniškio r. sav., Gaižaičių sen., Žukančių k."
191281693,Žvingių Šv. Kryžiaus Išaukštinimo parapija,"Šilalės r. sav., Pajūrio sen., Žvingių mstl."
191297530,Žvirgždaičių Švč. Jėzaus Širdies parapija,"Šakių r. sav., Sintautų sen., Žvirgždaičių mstl."
191285371,Žygaičių Šv. Apaštalų Petro ir Pauliaus parapija,"Tauragės r. sav., Žygaičiai"
